01-314,4.800000191,1,435,90.6249964
01-314,67.20000124,3,6300,93.74999827
01-314,68.79999924,5,12055,175.2180252
01-314,73,7,6434,88.1369863
01-314,72.00000024,9,5700,79.1666664
01-314,72,11,3345,46.45833333
01-314,72,13,3435,47.70833333
01-314,25,17,540,21.6
01-314,45,19,780,17.33333333
01-314,102,21,2640,25.88235294
01-317,0,1,0,\N
01-317,12.00000024,5,1095,91.24999819
01-317,12.00000006,7,1305,108.7499995
07-001A,4,1,285,71.25
07-001A,4.000000056,3,3270,817.4999886
07-002A,3,1,180,60
07-002A,3.55000009,3,2790,785.915473
07-006A,4,1,360,90
07-006A,4,3,2775,693.75
07-007A,4.550000012,3,750,164.8351644
07-007A,3.449999973,5,2355,682.608701
07-008A,4,3,360,90
07-008A,4,5,2895,723.75
07-009,2.700000048,3,990,366.6666602
07-009,3.299999982,5,1185,359.090911
07-010,6.00000003,5,2355,392.4999981
07-011,4.899999954,3,1605,327.5510235
07-011,0.99999997,5,360,360.0000107
07-012,6.600000024,3,2070,313.6363625
07-012,0.550000012,5,195,354.5454469
07-013A,4,1,240,60
07-013A,4.000000048,3,2970,742.499991
07-014A,3,1,240,80
07-014A,2.999999978,3,2130,710.0000053
18-002A,48,5,1110,23.125
18-002A,48,7,510,10.625
18-003A,80,3,660,8.25
18-003A,80,5,1470,18.375
18-003A,80,7,510,6.375
18-008A,15,1,180,12
18-008A,55,3,270,4.909090909
18-008A,93,5,615,6.612903226
18-008A,90,7,435,4.833333333
18-009A,36,1,270,7.5
18-009A,65,3,315,4.846153846
18-009A,166,5,930,5.602409639
18-009A,96,7,530,5.520833333
18-029A,586,1,1730,2.95221843
18-029A,1086,3,1155,1.063535912
18-030A,1038,1,4155,4.002890173
18-030A,115,3,460,4
18-031A,0,1,0,\N
18-031A,299,3,1455,4.866220736
18-031A,299,5,525,1.755852843
18-032A,1743,1,6435,3.691910499
18-032A,2371,3,5055,2.132011809
18-034A,50,5,1500,30
18-038A,4,3,60,15
18-038A,4.000000119,5,270,67.49999799
18-039A,7,3,135,19.28571429
18-039A,7,5,675,96.42857143
18-040A,5,1,60,12
18-040A,5,3,75,15
18-040A,5,5,300,60
18-041A,1,1,60,60
18-041A,4,3,75,18.75
18-041A,4,5,300,75
18-042A,14,1,385,27.5
18-042A,22,3,900,40.90909091
18-042A,5,5,345,69
18-043A,14,1,395,28.21428571
18-043A,14,3,420,30
18-043A,7,5,495,70.71428571
18-044A,0,1,0,\N
18-044A,5,3,150,30
18-044A,5,5,245,49
18-044A,5,7,270,54
18-045A,4,3,90,22.5
18-045A,4,5,180,45
18-045A,4,9,480,120
18-048A,30,3,950,31.66666667
18-048A,16,5,1090,68.125
18-048A,2,7,120,60
18-049A,1,1,30,30
18-049A,15,3,520,34.66666667
18-049A,13,5,1020,78.46153846
18-050A,0,1,0,\N
18-050A,29,3,990,34.13793103
18-050A,21.70000005,5,1440,66.35944686
18-051A,29.00000018,3,1425,49.13793073
18-051A,21,5,1305,62.14285714
18-052A,6,1,60,10
18-052A,18,3,1215,67.5
18-053A,6,1,60,10
18-053A,18,3,1215,67.5
18-054A,10,1,60,6
18-054A,13,3,780,60
18-054A,4,5,240,60
18-055A,10,1,60,6
18-055A,17,3,1020,60
18-056A,6,3,180,30
18-056A,6,5,120,20
18-056A,6,9,360,60
18-057A,6,3,90,15
18-057A,6,9,375,62.5
18-059A,5.5,1,300,54.54545455
18-059A,4,3,150,37.5
18-059A,4,5,240,60
18-059A,4,7,150,37.5
18-059A,2.5,9,210,84
18-060A,8,1,240,30
18-060A,4,3,60,15
18-060A,9.299999952,5,440,47.3118282
18-060A,7.699999988,7,440,57.14285723
18-060A,12,9,1050,87.5
18-061A,10,1,90,9
18-061A,10,3,600,60
18-061A,10,5,630,63
18-064A,6,1,30,5
18-064A,6,3,390,65
18-064A,6,5,510,85
18-065C,7.299999952,5,885,121.2328775
18-065C,0.699999988,7,135,192.8571461
18-065C,4,9,120,30
18-066C,0,3,0,\N
18-066C,12,5,1170,97.5
18-066C,11.99999991,7,2190,182.5000014
18-066C,10,9,300,30
18-075A,533,1,4455,8.358348968
18-075A,283,3,1620,5.724381625
18-075A,333,5,2280,6.846846847
18-075A,75,7,480,6.4
18-076A,158,3,1185,7.5
18-076A,157,5,930,5.923566879
18-076A,158,7,1320,8.35443038
18-077A,220,3,1590,7.227272727
18-077A,220,5,1200,5.454545455
18-077A,215,7,1556,7.237209302
18-078A,434,1,3775,8.698156682
18-078A,428,3,1560,3.644859813
18-078A,439,5,2760,6.287015945
18-079A,6,1,210,35
18-079A,1,3,60,60
18-079A,4,5,390,97.5
18-079A,4,9,360,90
18-080B,5.00000006,1,840,167.999998
18-080B,4.999999978,3,1830,366.0000016
18-081B,3.999999881,1,600,150.0000045
18-081B,4.000000089,3,1215,303.7499932
18-082A,50,1,150,3
18-082A,147,3,1895,12.89115646
18-082A,90,5,840,9.333333333
18-083A,127,1,360,2.834645669
18-083A,113,3,1425,12.61061947
18-083A,127,5,1230,9.68503937
18-084A,107,1,805,7.523364486
18-084A,70,3,480,6.857142857
18-085A,40,1,390,9.75
18-086B,120,3,1800,15
18-086B,120,5,2070,17.25
18-087B,120,3,1830,15.25
18-087B,120,5,3585,29.875
18-088A,20,1,120,6
18-088A,100,3,510,5.1
18-088A,120,5,570,4.75
18-088A,100,7,840,8.4
18-088A,110,9,885,8.045454545
18-089B,72,3,840,11.66666667
18-089B,42,5,450,10.71428571
18-089B,42,7,330,7.857142857
18-090A,333,1,1890,5.675675676
18-090A,185,3,435,2.351351351
18-094A,217,1,1455,6.705069124
18-094A,120,3,510,4.25
18-095A,350,1,1050,3
18-095A,440,3,1145,2.602272727
18-095A,350,5,450,1.285714286
18-097A,573,1,3015,5.261780105
18-097A,753,3,4200,5.577689243
18-097A,352,5,4510,12.8125
18-097A,668,7,4145,6.20508982
18-097A,219,9,1250,5.707762557
18-098A,240,1,1650,6.875
18-098A,240,3,5610,23.375
18-098A,241,5,3090,12.82157676
18-098A,0,7,0,\N
18-101A,100,1,180,1.8
18-101A,160,3,420,2.625
18-101A,160,5,630,3.9375
18-102A,91,1,1200,13.18681319
18-102A,136,3,3600,26.47058824
18-102A,152,5,1605,10.55921053
18-102A,150,7,1715,11.43333333
18-103A,200,1,855,4.275
18-103A,215,3,495,2.302325581
18-104A,231,1,3820,16.53679654
18-104A,245,3,3610,14.73469388
18-104A,262,5,2400,9.160305344
18-105A,26,1,405,15.57692308
18-105A,215,3,2295,10.6744186
18-105A,60,5,480,8
18-105A,161,7,3695,22.95031056
18-105A,160,9,2040,12.75
18-106A,132,1,1350,10.22727273
18-106A,174,3,1800,10.34482759
18-106A,169,5,4335,25.65088757
18-106A,172,7,1950,11.3372093
18-107A,83,1,660,7.951807229
18-107A,673,3,3360,4.992570579
18-107A,671,5,4065,6.058122206
18-107A,552,7,4655,8.432971014
18-107A,556,9,2025,3.642086331
18-107A,654,11,2805,4.288990826
18-108A,210,1,1950,9.285714286
18-108A,202,3,1355,6.707920792
18-108A,214,5,3780,17.6635514
18-109A,761,1,5140,6.754270696
18-109A,425,3,1950,4.588235294
18-109A,705,5,1800,2.553191489
18-110A,199,1,930,4.673366834
18-110A,233,3,2835,12.16738197
18-110A,258,5,6140,23.79844961
18-111A,196,1,2730,13.92857143
18-111A,151,3,635,4.205298013
18-111A,176,5,2805,15.9375
18-111A,19,7,0,0
18-112A,170,1,2180,12.82352941
18-112A,225,3,1545,6.866666667
18-112A,185,5,3195,17.27027027
18-113A,340,1,4980,14.64705882
18-113A,340,3,2755,8.102941176
18-113A,234,5,870,3.717948718
18-113A,100,9,360,3.6
18-114A,562,1,2310,4.110320285
18-114A,372,3,2205,5.927419355
18-114A,525,5,1230,2.342857143
18-115A,50,1,285,5.7
18-115A,89,3,300,3.370786517
18-116A,142,1,750,5.281690141
18-116A,107,3,570,5.327102804
18-116A,105,5,1350,12.85714286
18-116A,81,7,1050,12.96296296
18-116A,72,9,675,9.375
18-117A,30,1,480,16
18-117A,237,3,4545,19.17721519
18-117A,184,5,1530,8.315217391
18-117A,270,7,1520,5.62962963
18-117A,295,9,3065,10.38983051
18-117A,121,11,1005,8.305785124
18-118A,4,1,0,0
18-118A,212,3,2340,11.03773585
18-118A,195,5,1005,5.153846154
18-118A,195,7,1065,5.461538462
18-118A,153,9,1080,7.058823529
18-119A,76,1,1095,14.40789474
18-119A,175,3,4470,25.54285714
18-119A,204,5,2640,12.94117647
18-119A,120,7,2010,16.75
18-119A,284,9,3835,13.50352113
18-119A,53,11,450,8.490566038
18-119A,202,13,2025,10.02475248
18-120B,11,1,150,13.63636364
18-120B,45,3,1350,30
18-120B,24,5,240,10
18-120B,45,7,1020,22.66666667
18-120B,55,9,690,12.54545455
18-120B,35,11,300,8.571428571
18-120B,64,13,750,11.71875
18-121A,58,1,840,14.48275862
18-121A,122,3,2955,24.22131148
18-121A,126,5,1605,12.73809524
18-121A,79,7,910,11.51898734
18-122A,219,3,2385,10.89041096
18-122A,80,5,1600,20
18-122A,149,7,3045,20.43624161
18-122A,143,9,1845,12.9020979
18-123A,288,1,2655,9.21875
18-123A,278,3,2145,7.715827338
18-123A,283,5,4900,17.31448763
18-151A,10,1,180,18
18-152A,4,1,120,30
18-152A,245.9999999,3,3975,16.15853659
18-153B,10,1,60,6
18-153B,14,3,420,30
18-153B,15,7,270,18
18-153B,10,9,60,6
18-154B,21,3,570,27.14285714
18-154B,21,9,120,5.714285714
18-156B,12,9,60,5
18-157A,111,1,1020,9.189189189
18-157A,140,3,4290,30.64285714
18-158A,162,1,1665,10.27777778
18-158A,87,3,2505,28.79310345
18-159B,17,3,405,23.82352941
18-159B,17,5,270,15.88235294
18-160B,10,3,165,16.5
18-160B,10,5,150,15
18-162B,7,1,90,12.85714286
18-162B,15,3,390,26
18-162B,8,5,135,16.875
18-163B,18,3,390,21.66666667
18-163B,18,5,300,16.66666667
18-164B,12,3,180,15
18-164B,12,5,210,17.5
18-167A,2,3,30,15
18-168A,10,5,240,24
18-174A,4.000000119,1,810,202.499994
18-174A,0,3,0,\N
18-174A,4,5,120,30
18-175A,4.000000119,1,810,202.499994
18-175A,4,5,165,41.25
18-180A,11,1,180,16.36363636
18-180A,60,3,3020,50.33333333
18-182A,845,1,3274,3.874556213
18-182A,754,3,3940,5.225464191
18-184B,50,1,270,5.4
18-184B,50,3,180,3.6
18-185A,40,3,240,6
18-185A,40,5,160,4
18-186A,40,1,165,4.125
18-186A,40,3,135,3.375
18-186A,40,5,165,4.125
18-187A,15,1,105,7
18-187A,14,3,120,8.571428571
18-187A,14,5,30,2.142857143
18-194A,30,1,45,1.5
18-194A,30,3,330,11
18-197A,77,1,195,2.532467532
18-197A,67,3,810,12.08955224
18-198A,24,1,45,1.875
18-198A,64,3,810,12.65625
18-199A,24,1,45,1.875
18-201A,24,1,60,2.5
18-201A,24,3,360,15
18-202A,40,1,120,3
18-202A,72,3,1060,14.72222222
18-204A,18,1,45,2.5
18-205A,0,1,0,\N
18-205A,32,3,975,30.46875
18-206A,26,1,360,13.84615385
18-206A,14,3,300,21.42857143
18-207A,24,1,270,11.25
18-207A,24,3,435,18.125
18-208A,1297,1,8100,6.245181187
18-208A,1024,3,1995,1.948242188
18-209A,180,1,1125,6.25
18-209A,180,3,2505,13.91666667
18-209A,182,5,1140,6.263736264
18-209A,177,7,1795,10.14124294
18-209A,150,9,1710,11.4
18-211A,450,1,2160,4.8
18-211A,394,3,4095,10.39340102
18-211A,90,5,180,2
18-211A,100,7,1260,12.6
18-211A,294,9,3155,10.73129252
18-211A,27,11,270,10
18-212A,450,1,1410,3.133333333
18-212A,550,3,1320,2.4
18-213A,270,1,1560,5.777777778
18-213A,270,3,1435,5.314814815
18-213A,270,5,1440,5.333333333
18-213A,264,7,645,2.443181818
18-214A,240,1,930,3.875
18-214A,88,3,120,1.363636364
18-214A,160,5,1350,8.4375
18-215C,376,1,2835,7.539893617
18-215C,332,3,1320,3.975903614
18-215C,332,5,3990,12.01807229
18-215C,331,7,2430,7.341389728
18-215C,129,9,1605,12.44186047
18-217A,15,1,150,10
18-217A,45,3,85,1.888888889
18-218A,45,1,300,6.666666667
18-218A,0,3,0,\N
18-219A,57,1,630,11.05263158
18-219A,77,3,210,2.727272727
18-220A,38,1,165,4.342105263
18-220A,77,3,135,1.753246753
18-221A,0,1,0,\N
18-221A,45,3,555,12.33333333
18-221A,32,5,260,8.125
18-221A,36,7,420,11.66666667
18-221A,43,9,505,11.74418605
18-221A,2,11,30,15
18-222A,20,1,135,6.75
18-222A,20,3,30,1.5
18-223A,36,1,225,6.25
18-225A,101,3,1530,15.14851485
18-226A,33,1,300,9.090909091
18-226A,56,5,1050,18.75
18-226A,57,7,1095,19.21052632
18-230B,5,1,300,60
18-230B,12.5,3,840,67.2
18-230B,12.49999976,5,1110,88.80000169
18-233B,10,1,420,42
18-233B,6,3,405,67.5
18-233B,4,5,225,56.25
18-234B,5,1,150,30
18-234B,10,3,465,46.5
18-235B,10,1,300,30
18-235B,10,3,570,57
18-236B,6,1,180,30
18-236B,6,3,270,45
18-237B,4,3,180,45
18-237B,10.29999995,5,210,20.38834961
18-237B,8,7,0,0
18-238B,4,3,180,45
18-238B,4,5,240,60
18-239B,6,1,180,30
18-239B,12,3,690,57.5
18-240B,3,1,90,30
18-240B,6,3,360,60
18-241B,8,1,240,30
18-241B,8,3,480,60
18-242B,2,1,60,30
18-242B,2.800000012,3,120,42.85714267
18-245B,6,1,180,30
18-245B,13,3,690,53.07692308
18-245B,4,5,240,60
18-246B,4,3,150,37.5
18-246B,4,5,240,60
18-247B,4,1,180,45
18-247B,10,3,375,37.5
18-247B,6,5,630,105
18-248B,3,3,45,15
18-248B,3,5,180,60
18-249B,26,3,1025,39.42307692
18-249B,9,5,435,48.33333333
18-251B,4.5,1,90,20
18-251B,12,3,750,62.5
18-251B,7.5,5,480,64
18-252B,6,1,180,30
18-252B,6,3,360,60
18-252B,6,5,360,60
18-253B,4,3,210,52.5
18-253B,4,5,360,90
18-255B,4,1,120,30
18-255B,4,3,210,52.5
18-256B,4,3,120,30
18-256B,4.300000072,5,315,73.25581273
18-257A,7,1,210,30
18-257A,5,3,600,120
18-257A,4.999999881,5,920,184.0000044
18-257A,0,7,0,\N
18-258A,10.39999998,1,720,69.23076939
18-258A,5.600000024,3,660,117.8571424
18-258A,2.999999911,5,465,155.0000046
18-260B,6,3,240,40
18-260B,6.599999905,5,405,61.36363725
18-261B,5,3,150,30
18-261B,5,5,180,36
18-262B,4,3,75,18.75
18-262B,4.699999988,5,300,63.8297874
18-264B,4,1,120,30
18-264B,9,3,345,38.33333333
18-264B,5,5,240,48
18-265B,6,1,120,20
18-265B,6,3,180,30
18-268B,1,1,30,30
18-268B,3,3,135,45
18-268B,3.00000006,5,205,68.33333198
18-271B,4,3,270,67.5
18-271B,4,5,270,67.5
18-272B,5,3,300,60
18-272B,5,5,390,78
18-273B,4,3,120,30
18-273B,5,5,300,60
18-275B,1,1,30,30
18-275B,7,3,300,42.85714286
18-279A,67,1,2100,31.34328358
18-280A,40,1,1260,31.5
18-280A,1,3,30,30
18-282A,143,1,2760,19.3006993
18-282A,96,3,930,9.6875
18-282A,119,5,660,5.546218487
18-283A,121,1,2490,20.5785124
18-283A,144,3,960,6.666666667
18-283A,120,5,510,4.25
18-285A,20,3,270,13.5
18-285A,20,5,430,21.5
18-286A,3,1,90,30
18-286A,3,3,540,180
18-286A,2.5,5,180,72
18-287A,3,1,90,30
18-287A,3.00000006,3,525,174.9999965
18-287A,6.799999952,5,930,136.7647068
18-288A,6,1,270,45
18-288A,6.00000006,3,1650,274.9999973
18-288A,6,5,480,80
18-289A,6,1,255,42.5
18-289A,5.999999955,3,1410,235.0000018
18-289A,6.000000119,5,495,82.49999836
18-291A,8.600000024,1,510,59.30232542
18-291A,9.400000036,3,1830,194.6808503
18-291A,6.000000015,5,525,87.49999978
18-292A,7,1,315,45
18-292A,11.70000003,3,2265,193.589743
18-292A,7.300000012,5,480,65.75342455
18-293A,5,1,300,60
18-293A,5,3,150,30
18-293A,10,5,240,24
18-293A,13,9,570,43.84615385
18-293A,10,11,180,18
18-293A,3,13,30,10
18-294A,27,1,870,32.22222222
18-294A,6,3,180,30
18-294A,32,5,290,9.0625
18-294A,26,7,780,30
18-295A,862,1,12915,14.98259861
18-295A,1459,3,9510,6.518163125
18-295A,1098,5,7315,6.662112933
18-295A,264,7,1665,6.306818182
18-296B,14,5,180,12.85714286
18-297A,3,1,65,21.66666667
18-297A,3,3,900,300
18-298A,6,1,160,26.66666667
18-298A,4.00000003,3,1080,269.999998
18-298A,4,5,240,60
18-299A,11,3,150,13.63636364
18-299A,31,5,480,15.48387097
18-299A,1,7,15,15
18-300A,16,1,1170,73.125
18-301A,17.00000018,1,945,55.58823471
18-313A,79,1,630,7.974683544
18-313A,75,3,480,6.4
18-313A,79,5,780,9.873417722
18-314A,115,1,930,8.086956522
18-314A,41,3,270,6.585365854
18-314A,73,5,670,9.178082192
18-317A,145,1,1155,7.965517241
18-317A,145,3,810,5.586206897
18-318A,70,1,870,12.42857143
18-318A,72,3,1425,19.79166667
18-318A,2,5,90,45
18-319A,70,1,660,9.428571429
18-319A,70,3,1530,21.85714286
18-324A,3,1,120,40
18-324A,3.00000006,3,660,219.9999956
18-329A,34,1,300,8.823529412
18-329A,31,3,330,10.64516129
18-330A,34,1,180,5.294117647
18-330A,33,3,360,10.90909091
18-331A,1,1,180,180
18-332A,1,1,180,180
18-356A,25,3,390,15.6
18-356A,16,5,270,16.875
18-356A,21,7,300,14.28571429
18-356A,25,9,500,20
23-019,28,1,410,14.64285714
23-019,99.29999971,3,5575,56.14300117
23-019,56.69999999,5,1280,22.57495591
23-019,7,7,105,15
23-020A,32,1,440,13.75
23-020A,48,3,2385,49.6875
23-020A,52,5,1285,24.71153846
23-032A,35,3,1215,34.71428571
23-032A,35,5,210,6
23-032A,0,7,0,\N
23-033,12,3,405,33.75
23-033,20,5,120,6
23-033,0,7,0,\N
23-036A,20,3,380,19
23-036A,20,5,525,26.25
23-037A,50,3,630,12.6
23-037A,50,5,1470,29.4
23-038A,4,1,89,22.25
23-038A,24,3,405,16.875
23-038A,3,5,60,20
23-039A,20,3,525,26.25
23-039A,16,5,240,15
23-040A,56,3,4495,80.26785714
23-041A,51.99999994,3,4205,80.86538471
23-042A,67.5,3,2175,32.22222222
23-042A,60,5,390,6.5
23-043A,67.5,3,2175,32.22222222
23-043A,60,5,390,6.5
23-044A,38.50000012,3,3180,82.59740234
23-045A,37.99999976,3,3090,81.31578998
23-048A,12,3,900,75
23-049A,12,3,960,80
23-050B,52,3,4215,81.05769231
23-051B,75,3,6085,81.13333333
23-052,23.99999988,3,2085,86.87500043
23-053,24.99999976,3,2100,84.0000008
23-056,5,3,210,42
23-056,5,5,60,12
23-057,5,3,210,42
23-057,5,5,60,12
23-059,52,1,225,4.326923077
23-059,49,3,1020,20.81632653
23-059,46.5,5,1710,36.77419355
23-059,0.5,7,90,180
23-060,126,3,645,5.119047619
23-060,625,5,5005,8.008
23-060,623,7,6700,10.75441413
23-074,17,1,390,22.94117647
23-074,20.2,3,810,40.0990099
23-074,16,5,360,22.5
23-075,6,1,180,30
23-075,1,3,90,90
23-075,22,5,1230,55.90909091
23-075,11,7,130,11.81818182
23-076,9,1,270,30
23-076,1.200000003,3,60,49.99999988
23-076,32.79999983,5,2020,61.58536617
23-076,14,7,150,10.71428571
23-077,4.800000012,3,315,65.62499984
23-077,12.20000005,5,840,68.85245875
23-077,17,7,240,14.11764706
23-078,3,1,90,30
23-078,11,3,330,30
23-078,14.00000024,5,1010,72.14285591
23-078,14,7,140,10
23-079,7,1,90,12.85714286
23-079,31,3,930,30
23-079,45,5,2805,62.33333333
23-079,40,7,405,10.125
23-080,30,3,945,31.5
23-080,30.00000012,5,2175,72.49999971
23-080,30,7,310,10.33333333
23-084,11,3,390,35.45454545
23-084,11,5,1650,150
23-085,137,1,4740,34.59854015
23-085,317.5000001,3,23745,74.78740156
23-085,52,5,1485,28.55769231
23-086,25,1,1050,42
23-086,43,3,4410,102.5581395
23-086,36,5,780,21.66666667
23-086,12,7,240,20
23-087,71.99999952,3,10170,141.2500009
23-087,52,5,2150,41.34615385
23-088,51.5,3,3525,68.44660194
23-088,61,5,3880,63.60655738
23-089,51,1,835,16.37254902
23-090,1,1,90,90
23-090,16.39999998,3,2430,148.1707319
23-090,3.599999905,5,270,75.00000199
23-091,46,3,1260,27.39130435
23-091,92,5,1680,18.26086957
23-093,17.5,1,1260,72
23-093,33.19999994,3,4230,127.4096388
23-093,12,5,480,40
23-093,23.99999988,7,2700,112.5000006
23-094,79.99999928,3,2185,27.31250024
23-094,80,5,3770,47.125
23-095,0,1,0,\N
23-095,73.89999977,3,4240,57.37483103
23-095,70,5,1790,25.57142857
23-095,22,7,210,9.545454545
23-128,33,1,1650,50
23-128,20,3,1620,81
28-002A,192,3,9945,51.796875
28-002A,189,5,4350,23.01587302
28-003,147,5,2430,16.53061224
28-003,192,7,1740,9.0625
28-003,122,9,2175,17.82786885
28-003,190.3000002,11,3395,17.84025222
28-003,195,13,1740,8.923076923
28-006,50,1,270,5.4
28-006,155,3,660,4.258064516
28-006,141,5,1200,8.510638298
28-006,192,7,510,2.65625
28-006,192,9,300,1.5625
28-006,192,11,885,4.609375
28-007A,169,5,1420,8.402366864
28-007A,219,7,1980,9.04109589
28-007A,219,9,2805,12.80821918
28-007A,162,11,1200,7.407407407
28-007A,240,13,750,3.125
28-007A,0,15,0,\N
28-016,61,1,825,13.52459016
28-016,157,3,1855,11.81528662
28-016,51,5,720,14.11764706
28-017A,12,3,1080,90
28-017A,12,5,180,15
30-001A,9,1,540,60
30-001A,9.500000104,3,2820,296.842102
30-001A,8.500000045,5,1350,158.8235286
30-001A,9.00000006,7,1905,211.6666653
30-002A,9.600000024,1,660,68.74999983
30-002A,9.00000006,3,2640,293.3333314
30-002A,8.999999978,5,1410,156.6666671
30-002A,8.400000036,7,1695,201.7857134
30-003,8.000000007,1,420,52.49999995
30-003,7.600000098,3,1995,262.4999966
30-003,7.950000048,5,885,111.320754
30-004,8.000000007,1,420,52.49999995
30-004,7.600000098,3,1995,262.4999966
30-004,7.950000048,5,885,111.320754
30-005A,6,1,450,75
30-005A,6.00000003,3,1620,269.9999987
30-006A,6,1,465,77.5
30-006A,6.000000007,3,1485,247.4999997
30-007,4,1,360,90
30-007,3.399999976,3,930,273.5294137
30-007,0.600000024,5,330,549.9999781
30-008,6,1,480,80
30-008,6.00000006,3,1560,259.9999974
30-009A,0,1,0,\N
30-009A,10.10000004,3,2505,248.019801
30-009A,7.999999944,5,4005,500.6250035
30-010A,6.000000015,3,1230,204.9999995
30-010A,7.999999974,5,4140,517.5000017
30-011A,2,1,660,330
30-011A,8.800000019,3,3000,340.9090902
30-011A,7.999999955,5,2070,258.7500014
30-012A,0.5,1,180,360
30-012A,7.200000018,3,2400,333.3333325
30-012A,7.99999997,5,1860,232.5000009
30-013,8.000000037,1,1560,194.9999991
30-013,8.300000116,3,4170,502.4096315
30-014,4.49999997,1,840,186.6666679
30-014,7.49999997,3,3690,492.000002
30-015,2.00000003,1,490,244.9999963
30-015,2.00000003,3,1170,584.9999913
30-015A,2,1,150,75
30-015A,2.900000013,3,2820,972.4137886
30-016,2.00000003,1,450,224.9999966
30-016,3.00000003,3,1560,519.9999948
30-016A,2,1,420,210
30-016A,4.00000003,3,3060,764.9999943
30-017A,7.250000045,1,1365,188.2758609
30-017A,8.199999999,3,7140,870.7317074
30-018A,8.000000045,1,1545,193.1249989
30-018A,9.999999989,3,7155,715.5000008
30-019,8.000000089,1,1740,217.4999976
30-019,4,3,1260,315
30-019A,9.200000048,1,2220,241.3043466
30-019A,2.800000064,3,840,299.9999931
30-020,2.600000024,1,630,242.3076901
30-020,1.400000006,3,600,428.5714267
30-020A,1,1,135,135
30-020A,1,3,540,540
30-021,4,1,600,150
30-021,4.000000075,3,2205,551.2499897
30-021A,2.000000015,1,360,179.9999987
30-021A,2.00000003,3,1095,547.4999918
30-022A,10.59999998,1,3270,308.4905666
30-022A,10.50000004,3,4950,471.4285694
30-023A,8.000000015,1,2130,266.2499995
30-023A,8.000000142,3,3900,487.4999914
30-024A,3,1,375,125
30-024A,4.000000037,3,1725,431.249996
30-025A,6.800000042,1,885,130.147058
30-025A,5.300000109,3,2190,413.2075387
30-030,7.000000089,1,1680,239.9999969
30-030,4.00000003,3,1005,251.2499981
30-030A,4,1,885,221.25
30-030A,2,3,510,255
30-031,6.100000009,1,750,122.9508195
30-031,8.300000072,3,1755,211.4457813
30-032,6.600000009,1,825,124.9999998
30-032,9.800000072,3,2070,211.2244883
30-033A,8.00000006,1,930,116.2499991
30-033A,8.000000089,3,3660,457.4999949
30-034A,6.00000006,1,660,109.9999989
30-034A,6.00000006,3,2850,474.9999953
30-035,6,1,210,35
30-035,6,3,735,122.5
30-035,5.99999997,5,2580,430.0000021
30-036,6,1,240,40
30-036,7.999999955,3,1080,135.0000008
30-036,7.999999978,5,3120,390.0000011
30-039,1,1,30,30
30-039,1.000000037,3,600,599.9999776
34-009A,9,1,420,46.66666667
34-009A,6,3,780,130
34-009A,8.5,5,330,38.82352941
34-009A,8,7,345,43.125
34-010A,6,3,720,120
34-010A,15,5,555,37
34-010A,15,7,525,35
34-011A,18,1,765,42.5
34-011A,17.99999976,3,2505,139.1666685
34-011A,18,5,600,33.33333333
34-011A,18,7,600,33.33333333
34-012A,15,1,840,56
34-012A,15.00000001,3,1980,131.9999999
34-012A,29,5,675,23.27586207
34-012A,29,7,675,23.27586207
34-013A,9,1,450,50
34-013A,9,3,1260,140
34-013A,9,5,345,38.33333333
34-013A,9,7,330,36.66666667
34-014A,17,1,885,52.05882353
34-014A,16,3,2410,150.625
34-014A,8,5,300,37.5
34-014A,15,7,780,52
34-015A,23,3,510,22.17391304
34-015A,43,5,1275,29.65116279
34-016A,18,3,780,43.33333333
34-016A,18.00000003,5,4770,264.9999996
34-016A,38,7,990,26.05263158
34-016A,18,9,450,25
34-019,5.00000006,3,540,107.9999987
34-019,5,5,810,162
34-019,4.950000048,7,300,60.60606002
34-020,5,1,270,54
34-020,19,3,750,39.47368421
34-020,24,5,1290,53.75
34-020,24,7,3855,160.625
34-021,15,3,840,56
34-021,15,5,2040,136
34-021,6,7,330,55
34-022,18,3,90,5
34-022,18,5,60,3.333333333
34-029,4.5,1,240,53.33333333
34-029,30,3,300,10
34-029,10.5,5,600,57.14285714
34-030,7,3,60,8.571428571
34-030,7,5,390,55.71428571
34-031,53,3,345,6.509433962
34-031,53,5,450,8.490566038
34-031,53,7,255,4.811320755
34-035,0,1,0,\N
34-035,8.250000119,3,1950,236.3636329
34-035,10,5,870,87
34-038,25.00000006,3,2230,89.19999979
34-038,25,5,1560,62.4
34-039,25,3,1940,77.6
34-039,24.00000012,5,1695,70.62499965
35-002,142,1,855,6.021126761
35-002,138,3,6530,47.31884058
35-002,134,5,4105,30.63432836
35-003,121,1,695,5.743801653
35-003,116,3,5550,47.84482759
35-003,114,5,3315,29.07894737
35-004,119,1,685,5.756302521
35-004,118,3,5570,47.20338983
35-004,114,5,3590,31.49122807
35-005,84,1,495,5.892857143
35-005,87,3,4020,46.20689655
35-005,79,5,2410,30.50632911
35-006,92,1,870,9.456521739
35-006,76,3,3520,46.31578947
35-006,84,5,2540,30.23809524
35-007,84,1,530,6.30952381
35-007,88,3,4215,47.89772727
35-007,80,5,2340,29.25
35-008,87,1,530,6.091954023
35-008,80,3,3800,47.5
35-008,88,5,2455,27.89772727
35-009,87,1,480,5.517241379
35-009,79.5,3,4490,56.47798742
35-009,85,5,2605,30.64705882
35-009,0,7,0,\N
35-010,85,1,510,6
35-010,85,3,6720,79.05882353
35-010,70,5,1860,26.57142857
35-011,128,1,750,5.859375
35-011,125,3,5765,46.12
35-011,129,5,3670,28.4496124
35-012,108,1,655,6.064814815
35-012,111.9999996,3,8725,77.90178598
35-012,142,5,4230,29.78873239
35-012,33,7,390,11.81818182
35-013,65,1,450,6.923076923
35-013,63,3,5545,88.01587302
35-013,63,5,2135,33.88888889
35-013,12,7,120,10
35-014,99,1,570,5.757575758
35-014,87,3,5655,65
35-014,91,5,3230,35.49450549
35-014,73,7,990,13.56164384
35-015,87,1,550,6.32183908
35-015,84.99999944,3,6495,76.41176521
35-015,90,5,3550,39.44444444
35-017,1389,1,5580,4.017278618
35-018,4,3,240,60
35-018,4,5,330,82.5
35-019,4,1,90,22.5
35-019,4,3,660,165
35-019,4,5,330,82.5
35-020,1.200000048,3,150,124.999995
35-020,3.400000095,5,420,123.5294083
35-024,14,1,150,10.71428571
35-024,14,3,330,23.57142857
35-024,7,5,330,47.14285714
35-024,6,7,270,45
35-025,14,1,150,10.71428571
35-025,14,3,345,24.64285714
35-025,14,5,615,43.92857143
35-026,3,1,60,20
35-026,4,3,615,153.75
35-026,3,5,1320,440
35-028,14,1,165,11.78571429
35-028,14,3,615,43.92857143
35-028,14,5,840,60
35-029,14,1,165,11.78571429
35-029,14,3,555,39.64285714
35-029,14,5,705,50.35714286
35-030,11.00000011,1,4650,422.7272684
35-030,10.30000002,3,7575,735.4368918
35-031,13,1,4680,360
35-031,6.550000042,3,6060,925.1908338
35-032,34,1,360,10.58823529
35-032,14,3,570,40.71428571
35-032,14,5,720,51.42857143
35-033,14,3,570,40.71428571
35-033,14,5,720,51.42857143
35-034,5,1,100,20
35-034,5,3,300,60
35-034,4.999999821,5,265,53.0000019
35-035,5,1,100,20
35-035,5,3,375,75
35-035,5,5,280,56
35-036,4,1,690,172.5
35-036,4,3,120,30
35-036,4,5,180,45
35-038,14,1,150,10.71428571
35-038,25.5,3,1530,60
35-038,14,5,900,64.28571429
35-041,14,3,360,25.71428571
35-041,14,5,420,30
35-047,4,1,60,15
35-047,4,3,120,30
35-047,4,5,180,45
35-048,4,1,570,142.5
35-048,7,3,510,72.85714286
35-048,4,5,180,45
35-052,4,1,60,15
35-052,4,3,120,30
35-052,4,5,180,45
35-053,4,1,60,15
35-053,4,3,120,30
35-053,4,5,180,45
35-054,4,1,90,22.5
35-054,4,3,360,90
35-054,4.00000006,5,780,194.9999971
35-056,11.5,1,465,40.43478261
35-056,10.50000009,3,1590,151.4285701
35-056,4.100000024,5,990,241.4634132
35-057,12,1,375,31.25
35-057,8.700000048,3,780,89.65517192
35-057,7.299999982,5,1740,238.356165
35-065,5,1,120,24
35-065,5,3,450,90
35-065,5,5,420,84
35-066,9.999999978,1,3990,399.0000009
35-066,7.150000058,3,5970,834.9650282
35-067,9.600000024,1,3660,381.2499991
35-067,5.600000001,3,5460,974.9999997
35-071,90,1,1215,13.5
35-071,112,3,6345,56.65178571
35-072,48,1,840,17.5
35-072,48,3,2880,60
35-073,128,1,2490,19.453125
35-074,61,1,1350,22.13114754
35-074,3,3,90,30
35-075,64,1,1440,22.5
35-076,34,3,375,11.02941176
35-076,56,5,350,6.25
35-077,946,1,5730,6.057082452
35-077,1899,3,3300,1.737756714
35-078,1025,1,4395,4.287804878
35-078,280,3,480,1.714285714
35-080,2478,1,10110,4.079903148
35-083,1389,1,11355,8.174946004
35-083,998,3,5520,5.531062124
35-084,0,3,0,\N
35-100,26.25,1,2190,83.42857143
35-100,33.09999985,3,8475,256.0422973
35-101,28.5,1,1440,50.52631579
35-101,31.64999998,3,7725,244.0758296
35-101,3,5,150,50
35-101,0,7,0,\N
35-102,31.45000017,1,6160,195.8664537
35-102,39.24999994,3,3880,98.85350333
35-102,30,5,2730,91
35-102,33.5,7,780,23.28358209
35-103,32.25,1,5890,182.6356589
35-103,21.14999998,3,3270,154.6099293
35-103,35,5,945,27
35-103,32,7,795,24.84375
35-104,71,1,840,11.83098592
35-104,71,3,810,11.4084507
35-104,88,5,930,10.56818182
35-104,66,7,510,7.727272727
35-105,59,1,2190,37.11864407
35-105,0,3,0,\N
35-106,8,1,120,15
35-106,9,3,560,62.22222222
35-107,10,1,160,16
35-107,10,3,675,67.5
35-107,19,5,300,15.78947368
35-109,24,1,1160,48.33333333
35-109,12.70000005,3,1470,115.7480311
35-109,8,5,240,30
35-109,18,7,480,26.66666667
35-110,18,1,570,31.66666667
35-110,18.20000005,3,1920,105.4945052
35-110,26,5,360,13.84615385
35-111,18,1,525,29.16666667
35-111,17.80000019,3,1845,103.6516843
35-111,18,5,150,8.333333333
35-112,18,1,480,26.66666667
35-112,15,3,1230,82
35-112,26,5,510,19.61538462
35-113,18,1,1140,63.33333333
35-113,18,3,1770,98.33333333
35-113,18,5,210,11.66666667
35-114,18,1,300,16.66666667
35-114,18,3,1170,65
35-115,18,1,345,19.16666667
35-115,18,3,1395,77.5
35-115,18,5,240,13.33333333
35-116,16.25,1,750,46.15384615
35-116,11,3,690,62.72727273
35-117,18.5,1,1050,56.75675676
35-117,19.5,3,1230,63.07692308
35-118,28,1,1120,40
35-118,25,3,1635,65.4
35-119,28,1,1230,43.92857143
35-119,27.5,3,1560,56.72727273
35-120,12,3,630,52.5
35-120,26,5,210,8.076923077
35-121,15,1,390,26
35-121,18,3,780,43.33333333
35-121,26,5,300,11.53846154
35-124,37,1,815,22.02702703
35-124,30.5,3,2910,95.40983607
35-124,37.5,5,1080,28.8
35-124,19.5,7,2115,108.4615385
35-124,8,9,225,28.125
35-125,40,1,975,24.375
35-125,33.75,3,4380,129.7777778
35-125,56,5,2130,38.03571429
35-125,49.5,7,2730,55.15151515
35-125,10,9,345,34.5
35-126,30,1,360,12
35-126,28.25000024,3,2610,92.38937975
35-126,33,5,1350,40.90909091
35-126,46,7,1740,37.82608696
35-127,2,1,120,60
35-127,6,3,690,115
35-127,26,5,420,16.15384615
35-128,10,1,270,27
35-128,9.75,3,840,86.15384615
35-128,5,5,120,24
35-128,10,7,90,9
35-129,1,1,30,30
35-129,17.5,3,1245,71.14285714
35-129,42,5,510,12.14285714
35-130,18,1,540,30
35-130,17.75,3,1740,98.02816901
35-130,19,5,390,20.52631579
35-130,18,7,330,18.33333333
35-131,6.75,3,1170,173.3333333
35-131,5,5,150,30
35-131,7,7,75,10.71428571
35-132,29,1,630,21.72413793
35-132,31.69999999,3,5205,164.1955837
35-132,16,5,800,50
35-133,27.5,1,960,34.90909091
35-133,24.5,3,3850,157.1428571
35-133,16,5,750,46.875
35-134,8,1,270,33.75
35-134,13,3,1770,136.1538462
35-135,5,1,150,30
35-135,6.5,3,960,147.6923077
35-136,2.5,1,120,48
35-136,5,3,990,198
35-137,5,1,270,54
35-137,4.75,3,1080,227.3684211
35-138,4,1,90,22.5
35-138,0,3,0,\N
35-139,19,1,390,20.52631579
35-139,23.99999994,3,1950,81.2500002
35-140,18,1,330,18.33333333
35-140,14.5,3,1050,72.4137931
35-141,12,1,270,22.5
35-141,8.5,3,630,74.11764706
35-142,8,1,90,11.25
35-142,1.5,3,120,80
35-143,2.899999976,1,450,155.1724151
35-143,3,3,570,190
35-144,3,1,240,80
35-144,3.5,3,540,154.2857143
35-144,3.299999952,5,420,127.2727291
35-146,11,1,1155,105
35-146,10.5,3,855,81.42857143
35-146,14,5,1160,82.85714286
35-147,22,1,1590,72.27272727
35-147,14,3,1260,90
35-147,4,5,210,52.5
35-148,8,1,240,30
35-148,8,3,360,45
35-148,5,5,180,36
35-150,3.5,1,240,68.57142857
35-150,1,3,90,90
35-152,1,1,150,150