18-002A,02,60,0,60,15,60,20,60,10,60,,60,,60,,60,0
18-003A,03,60,0,60,10,60,20,60,8,60,,60,,60,,60,0
18-006A,01,60,0,60,12,60,20,60,,60,,60,,60,,60,0
18-007A,03,60,0,60,14,60,20,60,,60,,60,,60,,60,0
18-008A,01,60,0,60,5,60,10,60,,60,,60,,60,,60,0
18-009A,01,60,0,60,5,60,10,60,,60,,60,,60,,60,0
18-029A,01,60,4,60,1.2,60,,60,,60,,60,,60,,60,0
18-030A,01,60,5,60,,60,,60,,60,,60,,60,,60,0
18-031A,02,60,6,60,,60,,60,,60,,60,,60,,60,0
18-032A,01,60,4,60,2,60,,60,,60,,60,,60,,60,0
18-033A,,60,0,60,5,60,30,60,,60,,60,,60,,60,0
18-034A,,60,0,60,5,60,30,60,,60,,60,,60,,60,0
18-035A,,60,2,60,10,60,,60,,60,,60,,60,,60,0
18-036A,02,60,0,60,,60,,60,,60,,60,,60,,60,0
18-037A,02,60,0,60,,60,,60,,60,,60,,60,,60,0
18-038A,,60,0,60,22,60,70,60,,60,,60,,60,,60,0
18-039A,,60,0,60,22,60,70,60,,60,,60,,60,,60,0
18-040A,,60,0,60,22,60,70,60,,60,,60,,60,,60,0
18-041A,,60,0,60,22,60,70,60,,60,,60,,60,,60,0
18-042A,,60,0,60,30,60,45,60,,60,,60,,60,,60,0
18-043A,,60,0,60,30,60,45,60,,60,,60,,60,,60,0
18-044A,,60,0,60,30,60,70,60,75,60,,60,,60,,60,0
18-045A,,60,0,60,30,60,70,60,75,60,,60,,60,,60,0
18-046A,,60,0,60,30,60,50,60,50,60,,60,,60,,60,0
18-047A,,60,0,60,30,60,50,60,50,60,,60,,60,,60,0
18-048A,,60,0,60,30,60,60,60,,60,,60,,60,,60,0
18-049A,,60,0,60,30,60,60,60,,60,,60,,60,,60,0
18-050A,01,60,0,60,30,60,60,60,,60,,60,,60,,60,0
18-051A,01,60,0,60,30,60,60,60,,60,,60,,60,,60,0
18-052A,,60,0,60,,60,,60,,60,,60,,60,,60,0
18-053A,,60,0,60,,60,,60,,60,,60,,60,,60,0
18-054A,,60,0,60,,60,,60,,60,,60,,60,,60,0
18-055A,,60,0,60,,60,,60,,60,,60,,60,,60,0
18-056A,03,60,0,60,23,60,60,60,,60,,60,,60,,60,0
18-057A,02,60,0,60,23,60,60,60,,60,,60,,60,,60,0
18-058A,02,60,0,60,22,60,75,60,,60,,60,,60,,60,0
18-059A,02,60,0,60,22,60,75,60,,60,,60,,60,,60,0
18-060A,,60,0,60,45,60,80,60,,60,,60,,60,,60,0
18-061A,,60,6,60,50,60,60,60,,60,,60,,60,,60,0
18-062A,,60,0,60,60,60,,60,75,60,,60,,60,,60,0
18-063A,,60,0,60,60,60,,60,75,60,,60,,60,,60,0
18-064A,,60,0,60,55,60,60,60,,60,,60,,60,,60,0
18-065C,,60,0,60,,60,180,60,240,60,,60,,60,,60,0
18-066C,,60,0,60,,60,180,60,240,60,,60,,60,,60,0
18-067A,,60,0,60,130,60,45,60,,60,,60,,60,,60,0
18-068A,,60,0,60,130,60,45,60,,60,,60,,60,,60,0
18-069B,01,60,0,60,15,60,15,60,15,60,15,60,,60,,60,0
18-075A,03,60,10,60,12,60,,60,,60,,60,,60,,60,0
18-076A,03,60,0,60,8,60,12,60,,60,,60,,60,,60,0
18-077A,03,60,0,60,8,60,12,60,,60,,60,,60,,60,0
18-078A,03,60,10,60,5,60,,60,,60,,60,,60,,60,0
18-079A,,60,0,60,45,60,80,60,,60,,60,,60,,60,0
18-080B,,60,180,60,360,60,,60,,60,,60,,60,,60,0
18-081B,,60,180,60,360,60,,60,,60,,60,,60,,60,0
18-082A,02,60,5,60,11,60,11,60,,60,,60,,60,,60,0
18-083A,02,60,5,60,11,60,11,60,,60,,60,,60,,60,0
18-084A,04,60,10,60,10,60,,60,,60,,60,,60,,60,0
18-085A,03,60,10,60,10,60,,60,,60,,60,,60,,60,0
18-086B,04,60,0,60,16,60,24,60,,60,,60,,60,,60,0
18-087B,03,60,0,60,20,60,35,60,,60,,60,,60,,60,0
18-088A,02,60,0,60,3.3,60,4,60,7,60,,60,,60,,60,0
18-089B,02,60,0,60,10,60,11,60,8,60,,60,,60,,60,0
18-090A,01,60,8,60,4,60,,60,,60,,60,,60,,60,0
18-091A,02,60,8,60,5,60,,60,,60,,60,,60,,60,0
18-092A,02,60,0,60,,60,,60,,60,,60,,60,,60,0
18-093A,02,60,0,60,,60,,60,,60,,60,,60,,60,0
18-094A,02,60,7,60,,60,,60,,60,,60,,60,,60,0
18-095A,01,60,3,60,6,60,2,60,,60,,60,,60,,60,0
18-097A,01,60,4.3,60,3.3,60,7,60,6,60,,60,,60,,60,0
18-098A,,60,6,60,20,60,10,60,,60,,60,,60,,60,0
18-099A,,60,0,60,5,60,,60,,60,,60,,60,,60,0
18-100A,02,60,0,60,14,60,,60,,60,,60,,60,,60,0
18-101A,03,60,2,60,4,60,4,60,,60,,60,,60,,60,0
18-102A,03,60,0,60,20,60,11,60,11,60,,60,,60,,60,0
18-103A,02,60,5,60,3,60,,60,,60,,60,,60,,60,0
18-104A,01,60,15,60,15,60,9,60,,60,,60,,60,,60,0
18-105A,03,60,0,60,11,60,8,60,22,60,10,60,,60,,60,0
18-106A,04,60,7,60,8,60,22,60,13,60,,60,,60,,60,0
18-107A,,60,0,60,6,60,6,60,9,60,4,60,5,60,,60,0
18-108A,02,60,10,60,8,60,16,60,,60,,60,,60,,60,0
18-109A,02,60,7,60,4,60,,60,,60,,60,,60,,60,0
18-110A,02,60,4,60,10,60,22,60,,60,,60,,60,,60,0
18-111A,04,60,12,60,4,60,16,60,,60,,60,,60,,60,0
18-112A,04,60,12,60,4,60,16,60,,60,,60,,60,,60,0
18-113A,02,60,17,60,8,60,5,60,,60,,60,,60,,60,0
18-114A,02,60,7,60,4,60,,60,,60,,60,,60,,60,0
18-115A,02,60,6,60,3,60,,60,,60,,60,,60,,60,0
18-116A,,60,6,60,5,60,15,60,14,60,6,60,,60,,60,0
18-117A,,60,0,60,19,60,10,60,6,60,11,60,7,60,,60,0
18-118A,,60,0,60,15,60,8,60,5,60,8,60,,60,,60,0
18-119A,,60,0,60,25,60,15,60,15,60,11,60,7,60,10,60,0
18-120B,,60,0,60,25,60,15,60,15,60,11,60,7,60,10,60,0
18-121A,03,60,0,60,20,60,11,60,11,60,,60,,60,,60,0
18-122A,03,60,0,60,11,60,8,60,22,60,10,60,,60,,60,0
18-123A,02,60,10,60,8,60,16,60,,60,,60,,60,,60,0
18-124A,,60,0,60,,60,,60,,60,,60,,60,,60,0
18-125A,,60,0,60,,60,,60,,60,,60,,60,,60,0
18-151A,02,60,0,60,14,60,,60,,60,,60,,60,,60,0
18-152A,02,60,0,60,14,60,,60,,60,,60,,60,,60,0
18-153A,,60,0,60,40,60,10,60,,60,,60,,60,,60,0
18-154A,,60,0,60,40,60,10,60,,60,,60,,60,,60,0
18-155B,00,60,0,60,40,60,10,60,,60,,60,,60,,60,0
18-156A,,60,0,60,40,60,10,60,,60,,60,,60,,60,0
18-157A,03,60,10,60,30,60,,60,,60,,60,,60,,60,0
18-158A,04,60,10,60,30,60,,60,,60,,60,,60,,60,0
18-159B,00,60,0,60,15,60,10,60,,60,,60,,60,,60,0
18-160B,,60,0,60,15,60,10,60,,60,,60,,60,,60,0
18-161B,,60,0,60,15,60,20,60,,60,,60,,60,,60,0
18-162B,,60,0,60,15,60,20,60,,60,,60,,60,,60,0
18-163B,00,60,0,60,15,60,15,60,,60,,60,,60,,60,0
18-164B,00,60,0,60,15,60,15,60,,60,,60,,60,,60,0
18-165A,00,60,90,60,45,60,,60,,60,,60,,60,,60,0
18-166A,00,60,90,60,45,60,,60,,60,,60,,60,,60,0
18-167A,01,60,0,60,,60,15,60,,60,,60,,60,,60,0
18-168A,01,60,0,60,,60,15,60,,60,,60,,60,,60,0
18-173A,00,60,0,60,10,60,,60,,60,,60,,60,,60,0
18-174A,,60,0,60,,60,,60,,60,,60,,60,,60,0
18-175A,,60,0,60,,60,,60,,60,,60,,60,,60,0
18-180A,,60,8,60,40,60,,60,,60,,60,,60,,60,0
18-182A,2,60,8,60,4,60,,60,,60,,60,,60,,60,0
18-184A,,60,8,60,2,60,,60,,60,,60,,60,,60,0
18-185A,01,60,8,60,2,60,,60,,60,,60,,60,,60,0
18-186A,01,60,5,60,6,60,3,60,,60,,60,,60,,60,0
18-187A,01,60,5,60,6,60,3,60,,60,,60,,60,,60,0
18-188A,01,60,6,60,8,60,4,60,,60,,60,,60,,60,0
18-189A,02,60,7,60,2,60,,60,,60,,60,,60,,60,0
18-190A,02,60,7,60,2,60,,60,,60,,60,,60,,60,0
18-191A,02,60,6,60,5,60,4,60,10,60,,60,,60,,60,0
18-192A,02,60,6,60,5,60,4,60,10,60,,60,,60,,60,0
18-193A,02,60,7,60,2,60,,60,,60,,60,,60,,60,0
18-194A,02,60,2,60,11,60,,60,,60,,60,,60,,60,0
18-195A,02,60,2,60,11,60,,60,,60,,60,,60,,60,0
18-196A,02,60,2,60,11,60,,60,,60,,60,,60,,60,0
18-197A,01,60,2,60,12,60,,60,,60,,60,,60,,60,0
18-198A,01,60,2,60,12,60,,60,,60,,60,,60,,60,0
18-199A,01,60,2,60,12,60,,60,,60,,60,,60,,60,0
18-200A,01,60,3,60,15,60,,60,,60,,60,,60,,60,0
18-201A,01,60,3,60,15,60,,60,,60,,60,,60,,60,0
18-202A,01,60,4,60,20,60,,60,,60,,60,,60,,60,0
18-203A,01,60,3,60,15,60,,60,,60,,60,,60,,60,0
18-204A,01,60,3,60,15,60,,60,,60,,60,,60,,60,0
18-205A,01,60,8,60,17,60,,60,,60,,60,,60,,60,0
18-206A,01,60,8,60,20,60,,60,,60,,60,,60,,60,0
18-207A,01,60,8,60,20,60,,60,,60,,60,,60,,60,0
18-208A,01,60,8,60,3,60,,60,,60,,60,,60,,60,0
18-209A,01,60,6,60,13,60,5,60,10,60,7,60,,60,,60,0
18-210A,01,60,7,60,18,60,7,60,11,60,7,60,,60,,60,0
18-211A,01,60,0,60,6,60,12,60,12,60,,60,,60,,60,0
18-212A,01,60,4,60,1.3,60,,60,,60,,60,,60,,60,0
18-213A,02,60,4,60,3,60,5,60,4,60,,60,,60,,60,0
18-214A,01,60,5.3,60,7,60,,60,,60,,60,,60,,60,0
18-215C,00,60,7,60,6,60,15,60,10,60,10,60,,60,,60,0
18-217A,00,60,9,60,2,60,,60,,60,,60,,60,,60,0
18-218A,00,60,9,60,2,60,,60,,60,,60,,60,,60,0
18-219A,00,60,9,60,2,60,,60,,60,,60,,60,,60,0
18-220A,00,60,9,60,2,60,,60,,60,,60,,60,,60,0
18-221A,00,60,0,60,7,60,10,60,9,60,15,60,,60,,60,0
18-222A,00,60,9,60,2,60,,60,,60,,60,,60,,60,0
18-223A,00,60,9,60,2,60,,60,,60,,60,,60,,60,0
18-225A,00,60,10,60,,60,,60,,60,,60,,60,,60,0
18-226A,01,60,10,60,,60,20,60,40,60,,60,,60,,60,0
18-227B,00,60,45,60,80,60,,60,,60,,60,,60,,60,0
18-228B,00,60,45,60,80,60,,60,,60,,60,,60,,60,0
18-229B,00,60,45,60,80,60,,60,,60,,60,,60,,60,0
18-230B,00,60,45,60,80,60,,60,,60,,60,,60,,60,0
18-231B,00,60,45,60,80,60,,60,,60,,60,,60,,60,0
18-232B,00,60,45,60,80,60,,60,,60,,60,,60,,60,0
18-233B,00,60,45,60,60,60,,60,,60,,60,,60,,60,0
18-234B,00,60,45,60,60,60,,60,,60,,60,,60,,60,0
18-235B,00,60,45,60,60,60,,60,,60,,60,,60,,60,0
18-236B,00,60,45,60,60,60,,60,,60,,60,,60,,60,0
18-237B,00,60,45,60,60,60,,60,,60,,60,,60,,60,0
18-238B,00,60,45,60,60,60,,60,,60,,60,,60,,60,0
18-239B,00,60,45,60,60,60,,60,,60,,60,,60,,60,0
18-240B,00,60,45,60,60,60,,60,,60,,60,,60,,60,0
18-241B,00,60,45,60,60,60,,60,,60,,60,,60,,60,0
18-242B,00,60,45,60,60,60,,60,,60,,60,,60,,60,0
18-243B,00,60,45,60,60,60,,60,,60,,60,,60,,60,0
18-244B,00,60,45,60,60,60,,60,,60,,60,,60,,60,0
18-245B,00,60,45,60,60,60,,60,,60,,60,,60,,60,0
18-246B,00,60,45,60,60,60,,60,,60,,60,,60,,60,0
18-247B,00,60,45,60,60,60,,60,,60,,60,,60,,60,0
18-248B,00,60,45,60,60,60,,60,,60,,60,,60,,60,0
18-249B,01,60,30,60,45,60,,60,,60,,60,,60,,60,0
18-250B,01,60,30,60,45,60,,60,,60,,60,,60,,60,0
18-251B,00,60,20,60,60,60,60,60,,60,,60,,60,,60,0
18-252B,00,60,20,60,60,60,60,60,,60,,60,,60,,60,0
18-253B,00,60,45,60,60,60,,60,,60,,60,,60,,60,0
18-254B,00,60,45,60,60,60,,60,,60,,60,,60,,60,0
18-255B,00,60,45,60,60,60,,60,,60,,60,,60,,60,0
18-256B,00,60,45,60,60,60,,60,,60,,60,,60,,60,0
18-257A,,60,30,60,90,60,120,60,,60,,60,,60,,60,0
18-258A,,60,30,60,90,60,120,60,,60,,60,,60,,60,0
18-259B,00,60,30,60,60,60,,60,,60,,60,,60,,60,0
18-260B,00,60,30,60,60,60,,60,,60,,60,,60,,60,0
18-261B,00,60,30,60,60,60,,60,,60,,60,,60,,60,0
18-262B,00,60,30,60,60,60,,60,,60,,60,,60,,60,0
18-263B,00,60,30,60,60,60,,60,,60,,60,,60,,60,0
18-264B,00,60,30,60,60,60,,60,,60,,60,,60,,60,0
18-265B,00,60,30,60,45,60,,60,,60,,60,,60,,60,0
18-266B,00,60,30,60,45,60,,60,,60,,60,,60,,60,0
18-267B,00,60,45,60,60,60,,60,,60,,60,,60,,60,0
18-268B,00,60,45,60,60,60,,60,,60,,60,,60,,60,0
18-269B,00,60,45,60,60,60,,60,,60,,60,,60,,60,0
18-270B,00,60,45,60,60,60,,60,,60,,60,,60,,60,0
18-271B,00,60,45,60,60,60,,60,,60,,60,,60,,60,0
18-272B,00,60,45,60,60,60,,60,,60,,60,,60,,60,0
18-273B,00,60,30,60,60,60,,60,,60,,60,,60,,60,0
18-274B,00,60,30,60,60,60,,60,,60,,60,,60,,60,0
18-275B,00,60,30,60,45,60,,60,,60,,60,,60,,60,0
18-276B,00,60,30,60,45,60,,60,,60,,60,,60,,60,0
18-277A,03,60,30,60,30,60,,60,,60,,60,,60,,60,0
18-278A,03,60,30,60,30,60,,60,,60,,60,,60,,60,0
18-279A,04,60,30,60,30,60,,60,,60,,60,,60,,60,0
18-280A,03,60,30,60,30,60,,60,,60,,60,,60,,60,0
18-281A,03,60,30,60,30,60,,60,,60,,60,,60,,60,0
18-282A,01,60,13,60,12,60,,60,,60,,60,,60,,60,0
18-283A,01,60,13,60,12,60,,60,,60,,60,,60,,60,0
18-284A,00,60,0,60,,60,,60,,60,,60,,60,,60,0
18-285A,00,60,10,60,40,60,,60,,60,,60,,60,,60,0
18-286A,,60,15,60,150,60,30,60,,60,,60,,60,,60,0
18-287A,,60,15,60,150,60,30,60,,60,,60,,60,,60,0
18-288A,,60,0,60,,60,,60,,60,,60,,60,,60,0
18-289A,,60,0,60,,60,,60,,60,,60,,60,,60,0
18-290A,,60,20,60,30,60,,60,,60,,60,,60,,60,0
18-291A,00,60,0,60,,60,,60,,60,,60,,60,,60,0
18-292A,,60,0,60,,60,,60,,60,,60,,60,,60,0
18-293B,,60,30,60,38,60,45,60,25,60,,60,,60,,60,0
18-294B,00,60,0,60,25,60,25,60,15,60,,60,,60,,60,0
18-295A,02,60,12,60,7,60,2,60,6,60,,60,,60,,60,0
18-296B,00,60,5,60,5,60,7,60,15,60,,60,,60,,60,0
18-297A,,60,10,60,240,60,30,60,,60,,60,,60,,60,0
18-298A,,60,10,60,240,60,30,60,,60,,60,,60,,60,0
18-299B,,60,5,60,8,60,8,60,5,60,,60,,60,,60,0
18-300A,00,60,45,60,,60,,60,,60,,60,,60,,60,0
18-301A,00,60,45,60,,60,,60,,60,,60,,60,,60,0
18-302A,01,60,45,60,45,60,15,60,,60,,60,,60,,60,0
18-303A,01,60,45,60,45,60,15,60,,60,,60,,60,,60,0
18-304A,01,60,30,60,20,60,,60,,60,,60,,60,,60,0
18-305A,00,60,0,60,,60,,60,,60,,60,,60,,60,0
18-306A,00,60,0,60,,60,,60,,60,,60,,60,,60,0
18-309A,,60,0,60,20,60,45,60,12,60,,60,,60,,60,0
18-310A,00,60,30,60,30,60,,60,,60,,60,,60,,60,0
18-313A,00,60,7,60,9,60,6,60,,60,,60,,60,,60,0
18-314A,00,60,7,60,9,60,6,60,,60,,60,,60,,60,0
18-315A,00,60,15,60,30,60,,60,,60,,60,,60,,60,0
18-316A,00,60,15,60,30,60,,60,,60,,60,,60,,60,0
18-317A,00,60,8,60,6,60,,60,,60,,60,,60,,60,0
18-318A,00,60,10,60,15,60,15,60,,60,,60,,60,,60,0
18-319A,00,60,10,60,25,60,,60,,60,,60,,60,,60,0
18-320A,01,60,0,60,,60,,60,,60,,60,,60,,60,0
18-321A,01,60,0,60,,60,,60,,60,,60,,60,,60,0
18-322A,00,60,0,60,,60,,60,,60,,60,,60,,60,0
18-323A,00,60,0,60,,60,,60,,60,,60,,60,,60,0
18-324A,01,60,20,60,120,60,,60,,60,,60,,60,,60,0
18-325A,01,60,20,60,120,60,,60,,60,,60,,60,,60,0
18-326A,00,60,60,60,120,60,,60,,60,,60,,60,,60,0
18-327A,00,60,60,60,120,60,,60,,60,,60,,60,,60,0
18-328A,02,60,6,60,25,60,,60,,60,,60,,60,,60,0
18-329A,00,60,6,60,10,60,,60,,60,,60,,60,,60,0
18-330A,00,60,6,60,11,60,,60,,60,,60,,60,,60,0
18-331A,00,60,0,60,,60,,60,,60,,60,,60,,60,0
18-332A,00,60,0,60,,60,,60,,60,,60,,60,,60,0
18-333A,,60,15,60,22,60,,60,,60,,60,,60,,60,0
18-334A,00,60,15,60,,60,,60,,60,,60,,60,,60,0
18-335A,00,60,15,60,,60,,60,,60,,60,,60,,60,0
18-336A,00,60,15,60,,60,,60,,60,,60,,60,,60,0
18-337A,00,60,15,60,,60,,60,,60,,60,,60,,60,0
18-338A,00,60,15,60,,60,,60,,60,,60,,60,,60,0
18-339A,00,60,15,60,,60,,60,,60,,60,,60,,60,0
18-340A,00,60,20,60,,60,,60,,60,,60,,60,,60,0
18-341A,00,60,20,60,,60,,60,,60,,60,,60,,60,0
18-342A,00,60,20,60,,60,,60,,60,,60,,60,,60,0
18-343A,00,60,20,60,,60,,60,,60,,60,,60,,60,0
18-344A,00,60,20,60,,60,,60,,60,,60,,60,,60,0
18-345A,00,60,15,60,,60,,60,,60,,60,,60,,60,0
18-346A,00,60,15,60,,60,,60,,60,,60,,60,,60,0
18-350A,01,60,0,60,,60,,60,,60,,60,,60,,60,0
18-353A,01,60,0,60,20,60,10,60,,60,,60,,60,,60,0
18-354A,,60,20,60,90,60,,60,,60,,60,,60,,60,0
18-355A,,60,20,60,90,60,,60,,60,,60,,60,,60,0
18-356A,00,60,0,60,8,60,13,60,10,60,15,60,,60,,60,0
18-358A,00,60,0,60,,60,,60,,60,,60,,60,,60,0
18-359A,00,60,0,60,,60,,60,,60,,60,,60,,60,0
18-360A,00,60,0,60,,60,,60,,60,,60,,60,,60,0
18-361A,00,60,0,60,,60,,60,,60,,60,,60,,60,0
18-362A,00,60,8,60,,60,,60,,60,,60,,60,,60,0
18-366A,00,60,20,60,45,60,,60,,60,,60,,60,,60,0
18-367A,00,60,20,60,45,60,,60,,60,,60,,60,,60,0
18-368A,00,60,0,60,,60,,60,,60,,60,,60,,60,0
18-369A,00,60,0,60,,60,,60,,60,,60,,60,,60,0
18-371A,00,60,0,60,,60,,60,,60,,60,,60,,60,0
18-372A,00,60,0,60,,60,,60,,60,,60,,60,,60,0
18-373A,00,60,0,60,,60,,60,,60,,60,,60,,60,0
18-374A,00,60,0,60,,60,,60,,60,,60,,60,,60,0
18-375A,00,60,0,60,,60,,60,,60,,60,,60,,60,0
18-376A,00,60,0,60,,60,,60,,60,,60,,60,,60,0
18-377A,00,60,0,60,,60,,60,,60,,60,,60,,60,0
18-378A,00,60,0,60,,60,,60,,60,,60,,60,,60,0
18-379A,00,60,0,60,,60,,60,,60,,60,,60,,60,0
18-380A,00,60,0,60,,60,,60,,60,,60,,60,,60,0
18-381A,00,60,0,60,,60,,60,,60,,60,,60,,60,0
18-382A,00,60,0,60,,60,,60,,60,,60,,60,,60,0
18-383A,00,60,0,60,,60,,60,,60,,60,,60,,60,0
18-384A,00,60,0,60,,60,,60,,60,,60,,60,,60,0
18-385A,00,60,0,60,,60,,60,,60,,60,,60,,60,0
18-386A,00,60,0,60,,60,,60,,60,,60,,60,,60,0
18-387A,00,60,0,60,,60,,60,,60,,60,,60,,60,0
18-394A,00,60,9,60,13,60,,60,,60,,60,,60,,60,0
18-395A,00,60,7,60,3,60,,60,,60,,60,,60,,60,0
18-396A,,60,0,60,,60,,60,,60,,60,,60,,60,0
18-397A,,60,0,60,,60,,60,,60,,60,,60,,60,0
18-398A,00,60,0,60,,60,,60,,60,,60,,60,,60,0
18-399A,00,60,0,60,,60,,60,,60,,60,,60,,60,0
18-400A,00,60,0,60,,60,,60,,60,,60,,60,,60,0
18-401A,00,60,0,60,,60,,60,,60,,60,,60,,60,0
18-402A,00,60,0,60,,60,,60,,60,,60,,60,,60,0
18-403A,00,60,0,60,,60,,60,,60,,60,,60,,60,0
34-001,00,60,0,60,,60,,60,,60,,60,,60,,60,0
34-002,00,60,0,60,,60,,60,,60,,60,,60,,60,0
34-003,00,60,0,60,,60,,60,,60,,60,,60,,60,0
34-004,00,60,0,60,,60,,60,,60,,60,,60,,60,0
34-005,00,60,0,60,,60,,60,,60,,60,,60,,60,0
34-006,00,60,0,60,,60,,60,,60,,60,,60,,60,0
34-007,00,60,0,60,,60,,60,,60,,60,,60,,60,0
34-008,00,60,0,60,,60,,60,,60,,60,,60,,60,0
34-009A,01,60,0,60,50,60,120,60,45,60,50,60,,60,,60,0
34-010A,01,60,0,60,50,60,120,60,45,60,50,60,,60,,60,0
34-011A,01,60,0,60,50,60,120,60,45,60,50,60,,60,,60,0
34-012A,01,60,0,60,50,60,120,60,45,60,50,60,,60,,60,0
34-013A,01,60,0,60,50,60,135,60,45,60,50,60,,60,,60,0
34-014A,01,60,0,60,50,60,135,60,45,60,50,60,,60,,60,0
34-015A,00,60,0,60,30,60,60,60,,60,,60,,60,,60,0
34-016A,00,60,0,60,60,60,240,60,32,60,20,60,20,60,,60,0
34-017A,00,60,0,60,60,60,240,60,32,60,20,60,20,60,,60,0
34-018,02,60,0,60,80,60,150,60,40,60,60,60,,60,,60,0
34-019,02,60,0,60,80,60,150,60,40,60,60,60,,60,,60,0
34-020,01,60,0,60,40,60,240,60,,60,,60,,60,,60,0
34-021,01,60,0,60,60,60,150,60,55,60,,60,,60,,60,0
34-022,00,60,0,60,9,60,5,60,,60,,60,,60,,60,0
34-023,00,60,0,60,6,60,9,60,20,60,9,60,,60,,60,0
34-024,00,60,0,60,6,60,10,60,16,60,6,60,,60,,60,0
34-025A,,60,0,60,7,60,10,60,9,60,10,60,,60,,60,0
34-026,00,60,0,60,8,60,6,60,,60,,60,,60,,60,0
34-027,00,60,0,60,3,60,13,60,6,60,6,60,,60,,60,0
34-028,00,60,0,60,14,60,12,60,6,60,5,60,,60,,60,0
34-029,01,60,0,60,10,60,20,60,45,60,,60,,60,,60,0
34-030,01,60,0,60,10,60,20,60,45,60,,60,,60,,60,0
34-031,00,60,0,60,10,60,11,60,5,60,,60,,60,,60,0
34-032,01,60,0,60,45,60,180,60,,60,,60,,60,,60,0
34-033,01,60,0,60,45,60,180,60,,60,,60,,60,,60,0
34-034,02,60,0,60,45,60,180,60,,60,,60,,60,,60,0
34-035,02,60,0,60,45,60,180,60,,60,,60,,60,,60,0
34-036,01,60,0,60,50,60,20,60,165,60,60,60,15,60,,60,0
34-037,01,60,0,60,50,60,20,60,165,60,60,60,15,60,,60,0
34-038,01,60,0,60,50,60,75,60,15,60,,60,,60,,60,0
34-039,01,60,0,60,50,60,75,60,15,60,,60,,60,,60,0
34-040,01,60,0,60,50,60,75,60,15,60,,60,,60,,60,0
34-041,01,60,0,60,50,60,75,60,15,60,,60,,60,,60,0
28-002,,60,0,60,50,60,20,60,,60,,60,,60,,60,0
28-003,02,60,0,60,,60,15,60,18,60,13,60,17,60,8,60,0
28-004A,01,60,0,60,,60,,60,9,60,13,60,10,60,12,60,16
28-005,01,60,0,60,9,60,6,60,6,60,,60,,60,13,60,0
28-006,01,60,0,60,5,60,10,60,6,60,5,60,6,60,,60,0
28-007A,00,60,0,60,,60,8,60,10,60,10,60,8,60,8,60,0
28-016,01,60,15,60,6,60,,60,,60,,60,,60,,60,0
28-017,,60,0,60,65,60,20,60,,60,,60,,60,,60,0
28-018,00,60,0,60,,60,,60,,60,,60,,60,,60,0
28-019,00,60,0,60,,60,,60,,60,,60,,60,,60,0
28-020,00,60,0,60,,60,,60,,60,,60,,60,,60,0
28-021,00,60,0,60,,60,,60,,60,,60,,60,,60,0
28-022,00,60,0,60,,60,,60,,60,,60,,60,,60,0
28-023,,60,0,60,,60,,60,,60,,60,,60,,60,0
28-024,,60,0,60,,60,,60,,60,,60,,60,,60,0
28-025,00,60,0,60,,60,,60,,60,,60,,60,,60,0
28-026,00,60,0,60,,60,,60,,60,,60,,60,,60,0
28-027,00,60,0,60,,60,,60,,60,,60,,60,,60,0
28-028A,00,60,0,60,8,60,,60,,60,,60,,60,,60,0
28-029,00,60,0,60,,60,,60,,60,,60,,60,,60,0
28-030A,00,60,0,60,,60,,60,,60,,60,,60,,60,0
28-031,00,60,0,60,,60,,60,,60,,60,,60,,60,0
28-032A,00,60,0,60,,60,,60,,60,,60,,60,,60,0
28-033A,00,60,0,60,,60,,60,,60,,60,,60,,60,0
28-034,00,60,0,60,,60,,60,,60,,60,,60,,60,0
28-035,00,60,0,60,,60,,60,,60,,60,,60,,60,0
28-036,00,60,0,60,,60,,60,,60,,60,,60,,60,0
28-037A,00,60,0,60,,60,,60,,60,,60,,60,,60,0
28-038,00,60,0,60,,60,,60,,60,,60,,60,,60,0
28-039,00,60,0,60,10,60,10,60,dx,60,dx,60,dx,60,,60,0
28-040,00,60,0,60,,60,,60,,60,,60,,60,,60,0
28-040,00,60,0,60,,60,,60,,60,,60,,60,,60,0
28-042A,01,60,0,60,5,60,8,60,,60,,60,,60,,60,0
28-043,00,60,0,60,,60,8,60,10,60,10,60,8,60,8,60,0
28-044,00,60,45,60,150,60,150,60,90,60,60,60,,60,,60,0
07-001,,60,30,60,660,60,,60,,60,,60,,60,,60,0
07-002,,60,30,60,660,60,,60,,60,,60,,60,,60,0
07-003A,01,60,210,60,900,60,,60,,60,,60,,60,,60,0
07-004A,01,60,210,60,900,60,,60,,60,,60,,60,,60,0
07-005,,60,120,60,660,60,,60,,60,,60,,60,,60,0
07-006,,60,120,60,660,60,,60,,60,,60,,60,,60,0
07-007,,60,120,60,720,60,,60,,60,,60,,60,,60,0
07-008,,60,120,60,720,60,,60,,60,,60,,60,,60,0
07-009,01,60,300,60,0,60,,60,,60,,60,,60,,60,0
07-010,01,60,300,60,0,60,,60,,60,,60,,60,,60,0
07-011,01,60,240,60,0,60,,60,,60,,60,,60,,60,0
07-012,01,60,240,60,0,60,,60,,60,,60,,60,,60,0
07-013,,60,120,60,540,60,,60,,60,,60,,60,,60,0
07-014,,60,120,60,540,60,,60,,60,,60,,60,,60,0
35-002,03,60,5,60,45,60,30,60,,60,,60,,60,,60,0
35-003,03,60,5,60,45,60,30,60,,60,,60,,60,,60,0
35-004,04,60,5,60,45,60,30,60,,60,,60,,60,,60,0
35-005,04,60,5,60,45,60,30,60,,60,,60,,60,,60,0
35-006,03,60,5,60,45,60,30,60,,60,,60,,60,,60,0
35-007,03,60,5,60,45,60,30,60,,60,,60,,60,,60,0
35-008,03,60,5,60,45,60,30,60,,60,,60,,60,,60,0
35-009,02,60,5,60,45,60,30,60,,60,,60,,60,,60,0
35-010,03,60,5,60,45,60,30,60,,60,,60,,60,,60,0
35-011,03,60,5,60,45,60,30,60,,60,,60,,60,,60,0
35-012,01,60,5,60,55,60,40,60,,60,,60,,60,,60,0
35-013,01,60,5,60,55,60,40,60,,60,,60,,60,,60,0
35-014,01,60,5,60,55,60,40,60,,60,,60,,60,,60,0
35-015,01,60,5,60,55,60,40,60,,60,,60,,60,,60,0
35-017,00,60,0,60,8,60,,60,,60,,60,,60,,60,0
35-100,00,60,60,60,210,60,30,60,,60,,60,,60,,60,0
35-101,00,60,60,60,210,60,30,60,,60,,60,,60,,60,0
35-102,01,60,180,60,90,60,30,60,,60,,60,,60,,60,0
35-103,01,60,180,60,90,60,30,60,,60,,60,,60,,60,0
35-104,01,60,10,60,7,60,5,60,8,60,10,60,,60,,60,0
35-105,00,60,25,60,,60,,60,,60,,60,,60,,60,0
35-106,00,60,20,60,90,60,,60,,60,,60,,60,,60,0
35-107,00,60,20,60,90,60,,60,,60,,60,,60,,60,0
35-108,00,60,90,60,480,60,180,60,,60,,60,,60,,60,0
35-109,00,60,20,60,90,60,,60,,60,,60,,60,,60,0
35-110,00,60,20,60,120,60,,60,,60,,60,,60,,60,0
35-111,00,60,20,60,120,60,,60,,60,,60,,60,,60,0
35-112,00,60,20,60,90,60,,60,,60,,60,,60,,60,0
35-113,00,60,60,60,90,60,,60,,60,,60,,60,,60,0
35-114,00,60,20,60,90,60,,60,,60,,60,,60,,60,0
35-115,00,60,20,60,90,60,,60,,60,,60,,60,,60,0
35-116,00,60,45,60,45,60,,60,,60,,60,,60,,60,0
35-117,00,60,45,60,45,60,,60,,60,,60,,60,,60,0
35-118,00,60,45,60,45,60,,60,,60,,60,,60,,60,0
35-119,00,60,45,60,45,60,,60,,60,,60,,60,,60,0
35-120,00,60,15,60,60,60,,60,,60,,60,,60,,60,0
35-121,00,60,15,60,60,60,,60,,60,,60,,60,,60,0
35-124,00,60,30,60,90,60,60,60,90,60,,60,,60,,60,0
35-125,00,60,30,60,90,60,60,60,90,60,,60,,60,,60,0
35-126,00,60,15,60,120,60,60,60,60,60,,60,,60,,60,0
35-127,00,60,30,60,120,60,,60,,60,,60,,60,,60,0
35-128,00,60,20,60,90,60,,60,,60,,60,,60,,60,0
35-129,00,60,20,60,60,60,,60,,60,,60,,60,,60,0
35-130,00,60,30,60,120,60,,60,,60,,60,,60,,60,0
35-131,00,60,30,60,120,60,,60,,60,,60,,60,,60,0
35-132,00,60,20,60,240,60,,60,,60,,60,,60,,60,0
35-133,00,60,20,60,240,60,,60,,60,,60,,60,,60,0
35-134,00,60,30,60,90,60,,60,,60,,60,,60,,60,0
35-135,00,60,30,60,90,60,,60,,60,,60,,60,,60,0
35-136,00,60,30,60,120,60,,60,,60,,60,,60,,60,0
35-137,00,60,30,60,120,60,,60,,60,,60,,60,,60,0
35-138,00,60,30,60,,60,,60,,60,,60,,60,,60,0
35-139,00,60,20,60,60,60,,60,,60,,60,,60,,60,0
35-140,00,60,20,60,60,60,,60,,60,,60,,60,,60,0
35-141,00,60,20,60,60,60,,60,,60,,60,,60,,60,0
35-142,00,60,20,60,60,60,,60,,60,,60,,60,,60,0
35-143,00,60,90,60,120,60,60,60,,60,,60,,60,,60,0
35-144,00,60,90,60,120,60,60,60,,60,,60,,60,,60,0
35-145,00,60,45,60,,60,,60,,60,,60,,60,,60,0
35-146,00,60,90,60,120,60,,60,,60,,60,,60,,60,0
35-147,00,60,90,60,150,60,,60,,60,,60,,60,,60,0
35-148,00,60,20,60,60,60,,60,,60,,60,,60,,60,0
35-149,00,60,20,60,60,60,60,60,60,60,,60,,60,,60,0
35-150,00,60,60,60,60,60,,60,,60,,60,,60,,60,0
35-151,00,60,20,60,60,60,60,60,60,60,,60,,60,,60,0
35-152,00,60,60,60,30,60,,60,,60,,60,,60,,60,0
35-153,00,60,20,60,60,60,60,60,60,60,,60,,60,,60,0
35-154,00,60,20,60,60,60,,60,,60,,60,,60,,60,0
35-155,00,60,60,60,90,60,120,60,60,60,,60,,60,,60,0
35-156,00,60,60,60,90,60,120,60,60,60,,60,,60,,60,0
35-018,01,60,15,60,60,60,60,60,,60,,60,,60,,60,0
35-019,01,60,15,60,60,60,60,60,,60,,60,,60,,60,0
35-020,01,60,20,60,150,60,150,60,,60,,60,,60,,60,0
35-021,01,60,20,60,150,60,150,60,,60,,60,,60,,60,0
35-022,00,60,15,60,120,60,90,60,,60,,60,,60,,60,0
35-023,00,60,15,60,120,60,90,60,,60,,60,,60,,60,0
35-024,00,60,15,60,30,60,30,60,,60,,60,,60,,60,0
35-025,00,60,15,60,30,60,30,60,,60,,60,,60,,60,0
35-026,00,60,15,60,90,60,90,60,,60,,60,,60,,60,0
35-027,01,60,15,60,60,60,90,60,,60,,60,,60,,60,0
35-028,00,60,15,60,60,60,40,60,,60,,60,,60,,60,0
35-029,01,60,15,60,60,60,40,60,,60,,60,,60,,60,0
35-030,01,60,30,60,540,60,840,60,,60,,60,,60,,60,0
35-031,01,60,30,60,540,60,840,60,,60,,60,,60,,60,0
35-032,00,60,15,60,40,60,40,60,,60,,60,,60,,60,0
35-033,00,60,15,60,40,60,40,60,,60,,60,,60,,60,0
35-034,01,60,15,60,120,60,90,60,,60,,60,,60,,60,0
35-035,01,60,15,60,120,60,90,60,,60,,60,,60,,60,0
35-036,01,60,15,60,30,60,30,60,,60,,60,,60,,60,0
35-037,01,60,15,60,30,60,30,60,,60,,60,,60,,60,0
35-038,00,60,15,60,90,60,60,60,,60,,60,,60,,60,0
35-039,00,60,15,60,90,60,60,60,,60,,60,,60,,60,0
35-040,,60,15,60,30,60,30,60,,60,,60,,60,,60,0
35-041,00,60,15,60,30,60,30,60,,60,,60,,60,,60,0
35-042,00,60,20,60,120,60,60,60,,60,,60,,60,,60,0
35-043,,60,20,60,120,60,60,60,,60,,60,,60,,60,0
35-044A,00,60,20,60,120,60,60,60,,60,,60,,60,,60,0
35-045A,00,60,20,60,120,60,60,60,,60,,60,,60,,60,0
35-046,,60,15,60,90,60,90,60,,60,,60,,60,,60,0
35-047,,60,15,60,90,60,90,60,,60,,60,,60,,60,0
35-048,,60,60,60,30,60,30,60,,60,,60,,60,,60,0
35-049,,60,15,60,30,60,30,60,,60,,60,,60,,60,0
35-050,01,60,15,60,30,60,30,60,,60,,60,,60,,60,0
35-051,01,60,15,60,30,60,30,60,,60,,60,,60,,60,0
35-052,00,60,15,60,30,60,30,60,,60,,60,,60,,60,0
35-053,00,60,15,60,30,60,30,60,,60,,60,,60,,60,0
35-054,00,60,15,60,90,60,90,60,,60,,60,,60,,60,0
35-055,00,60,15,60,90,60,90,60,,60,,60,,60,,60,0
35-056,01,60,60,60,240,60,,60,,60,,60,,60,,60,0
35-057,01,60,60,60,240,60,,60,,60,,60,,60,,60,0
35-058,,60,60,60,240,60,,60,,60,,60,,60,,60,0
35-059,00,60,60,60,240,60,,60,,60,,60,,60,,60,0
35-062A,00,60,60,60,,60,,60,,60,,60,,60,,60,0
35-063A,00,60,60,60,,60,,60,,60,,60,,60,,60,0
35-064,,60,15,60,90,60,90,60,,60,,60,,60,,60,0
35-065,,60,15,60,90,60,90,60,,60,,60,,60,,60,0
35-066,01,60,30,60,480,60,720,60,,60,,60,,60,,60,0
35-067,01,60,30,60,480,60,720,60,,60,,60,,60,,60,0
35-068A,00,60,60,60,,60,,60,,60,,60,,60,,60,0
35-069A,00,60,60,60,,60,,60,,60,,60,,60,,60,0
35-071,02,60,15,60,50,60,,60,,60,,60,,60,,60,0
35-072,00,60,15,60,50,60,,60,,60,,60,,60,,60,0
35-073,00,60,10,60,30,60,,60,,60,,60,,60,,60,0
35-074,00,60,10,60,30,60,,60,,60,,60,,60,,60,0
35-075,00,60,10,60,30,60,,60,,60,,60,,60,,60,0
35-076,00,60,4,60,20,60,,60,,60,,60,,60,,60,0
35-077,00,60,0,60,,60,,60,,60,,60,,60,,60,0
35-078,00,60,0,60,,60,,60,,60,,60,,60,,60,0
35-079,01,60,0,60,,60,,60,,60,,60,,60,,60,0
35-080,00,60,0,60,,60,,60,,60,,60,,60,,60,0
35-082,00,60,0,60,12,60,13,60,,60,,60,,60,,60,0
35-083,01,60,0,60,,60,,60,,60,,60,,60,,60,0
35-084,00,60,0,60,,60,,60,,60,,60,,60,,60,0
35-085,01,60,90,60,300,60,10,60,,60,,60,,60,,60,0
35-086,01,60,90,60,300,60,10,60,,60,,60,,60,,60,0
30-001A,03,60,120,60,360,60,240,60,240,60,0,60,,60,,60,0
30-002A,03,60,120,60,360,60,240,60,240,60,0,60,,60,,60,0
30-003/004,02/02,60,420,60,300,60,0,60,0,60,0,60,,60,,60,0
30-005A,00,60,240,60,420,60,0,60,0,60,0,60,,60,,60,0
30-006A,00,60,240,60,420,60,0,60,0,60,0,60,,60,,60,0
30-007A,,60,240,60,420,60,0,60,0,60,0,60,,60,,60,0
30-008A,,60,240,60,420,60,0,60,0,60,0,60,,60,,60,0
30-011A,01,60,240,60,240,60,0,60,0,60,0,60,,60,,60,0
30-012A,01,60,240,60,240,60,0,60,0,60,0,60,,60,,60,0
30-013A,,60,240,60,540,60,0,60,0,60,0,60,,60,,60,0
30-014A,,60,240,60,540,60,0,60,0,60,0,60,,60,,60,0
30-015A,00,60,240,60,540,60,0,60,0,60,0,60,,60,,60,0
30-016A,02,60,240,60,540,60,0,60,0,60,0,60,,60,,60,0
30-017A,01,60,300,60,540,60,0,60,0,60,0,60,,60,,60,0
30-018A,01,60,300,60,540,60,0,60,0,60,0,60,,60,,60,0
30-019,,60,420,60,300,60,0,60,0,60,0,60,,60,,60,0
30-030,,60,420,60,300,60,0,60,0,60,0,60,,60,,60,0
30-020A,00,60,240,60,480,60,0,60,0,60,0,60,,60,,60,0
30-021A,00,60,240,60,480,60,0,60,0,60,0,60,,60,,60,0
30-022A,00,60,300,60,480,60,0,60,0,60,0,60,,60,,60,0
30-023A,00,60,300,60,480,60,0,60,0,60,0,60,,60,,60,0
30-031/032,02/02,60,420,60,300,60,0,60,0,60,0,60,,60,,60,0
30-033A,00,60,360,60,840,60,0,60,0,60,0,60,,60,,60,0
30-034A,00,60,360,60,840,60,0,60,0,60,0,60,,60,,60,0
30-037,00,60,15,60,45,60,0,60,0,60,0,60,,60,,60,0
30-039,00,60,60,60,180,60,0,60,0,60,0,60,,60,,60,0
30-040,00,60,30,60,0,60,0,60,0,60,0,60,,60,,60,0
30-041,00,60,30,60,0,60,0,60,0,60,0,60,,60,,60,0
30-042,00,60,30,60,60,60,0,60,0,60,0,60,,60,,60,0
30-043,00,60,30,60,240,60,0,60,0,60,0,60,,60,,60,0
30-044,00,60,30,60,240,60,0,60,0,60,0,60,,60,,60,0
30-045,00,60,30,60,0,60,0,60,0,60,0,60,,60,,60,0
30-046,00,60,30,60,0,60,0,60,0,60,0,60,,60,,60,0
30-050,00,60,30,60,30,60,0,60,0,60,0,60,,60,,60,0
30-051,00,60,30,60,30,60,0,60,0,60,0,60,,60,,60,0
30-052,00,60,30,60,30,60,0,60,0,60,0,60,,60,,60,0
30-053,00,60,30,60,30,60,0,60,0,60,0,60,,60,,60,0
30-054,00,60,30,60,30,60,0,60,0,60,0,60,,60,,60,0
30-055,00,60,30,60,30,60,0,60,0,60,0,60,,60,,60,0
30-056,00,60,30,60,30,60,0,60,0,60,0,60,,60,,60,0
30-057,00,60,30,60,30,60,0,60,0,60,0,60,,60,,60,0
30-058,00,60,30,60,45,60,0,60,0,60,0,60,,60,,60,0
30-059,00,60,30,60,45,60,0,60,0,60,0,60,,60,,60,0
30-060,00,60,120,60,120,60,0,60,0,60,0,60,,60,,60,0
30-061,00,60,120,60,120,60,0,60,0,60,0,60,,60,,60,0
30-062,00,60,30,60,30,60,0,60,0,60,0,60,,60,,60,0
30-063,00,60,30,60,60,60,0,60,0,60,0,60,,60,,60,0
30-064,00,60,30,60,30,60,0,60,0,60,0,60,,60,,60,0
30-065,00,60,60,60,0,60,0,60,0,60,0,60,,60,,60,0
30-066,00,60,0,60,0,60,0,60,0,60,0,60,,60,,60,0
30-067,00,60,30,60,0,60,0,60,0,60,0,60,,60,,60,0
30-068,00,60,9,60,9,60,9,60,0,60,0,60,,60,,60,0
30-069,00,60,0,60,0,60,0,60,0,60,0,60,,60,,60,0
30-070,00,60,0,60,0,60,0,60,0,60,0,60,,60,,60,0
30-071,00,60,0,60,0,60,0,60,0,60,0,60,,60,,60,0
30-072,00,60,0,60,0,60,0,60,0,60,0,60,,60,,60,0
30-073,00,60,30,60,120,60,0,60,0,60,0,60,,60,,60,0
30-074,00,60,30,60,120,60,0,60,0,60,0,60,,60,,60,0
30-075,00,60,60,60,60,60,60,60,0,60,0,60,,60,,60,0
30-076,00,60,30,60,60,60,60,60,30,60,30,60,,60,,60,0
30-077,00,60,30,60,60,60,60,60,0,60,0,60,,60,,60,0
30-079,00,60,30,60,60,60,0,60,0,60,0,60,,60,,60,0
30-080,00,60,60,60,180,60,0,60,0,60,0,60,,60,,60,0
30-081,00,60,60,60,180,60,0,60,0,60,0,60,,60,,60,0
30-082,00,60,60,60,180,60,0,60,0,60,0,60,,60,,60,0
30-083,00,60,60,60,180,60,0,60,0,60,0,60,,60,,60,0
30-084,00,60,60,60,180,60,0,60,0,60,0,60,,60,,60,0
30-085,00,60,60,60,180,60,0,60,0,60,0,60,,60,,60,0
30-087,00,60,60,60,180,60,0,60,0,60,0,60,,60,,60,0
30-089,00,60,60,60,180,60,0,60,0,60,0,60,,60,,60,0
30-091,00,60,60,60,90,60,0,60,0,60,0,60,,60,,60,0
30-092,00,60,60,60,90,60,0,60,0,60,0,60,,60,,60,0
30-093,00,60,60,60,180,60,60,60,0,60,0,60,,60,,60,0
30-094,00,60,60,60,180,60,60,60,0,60,0,60,,60,,60,0
30-095,00,60,60,60,180,60,60,60,0,60,0,60,,60,,60,0
30-096,00,60,60,60,180,60,60,60,0,60,0,60,,60,,60,0
30-101,00,60,60,60,150,60,60,60,30,60,0,60,,60,,60,0
30-102,00,60,60,60,150,60,60,60,30,60,0,60,,60,,60,0
30-103,00,60,30,60,30,60,0,60,0,60,0,60,,60,,60,0
30-104,00,60,30,60,30,60,0,60,0,60,0,60,,60,,60,0
30-105,00,60,8,60,10,60,0,60,0,60,0,60,,60,,60,0
30-108,00,60,300,60,480,60,0,60,0,60,0,60,,60,,60,0
30-109,00,60,300,60,480,60,0,60,0,60,0,60,,60,,60,0
30-110,00,60,240,60,420,60,0,60,0,60,0,60,,60,,60,0
30-111,00,60,240,60,420,60,0,60,0,60,0,60,,60,,60,0
30-112,00,60,420,60,900,60,0,60,0,60,0,60,,60,,60,0
30-113,00,60,420,60,900,60,0,60,0,60,,60,,60,,60,0
23-019,01,60,10,60,40,60,30,60,,60,,60,,60,,60,0
23-020A,00,60,10,60,40,60,30,60,,60,,60,,60,,60,0
23-021,02,60,0,60,30,60,5,60,,60,,60,,60,,60,0
23-022,02,60,0,60,30,60,5,60,,60,,60,,60,,60,0
23-023,00,60,0,60,5,60,,60,,60,,60,,60,,60,0
23-024,00,60,0,60,5,60,,60,,60,,60,,60,,60,0
23-025,00,60,0,60,5,60,,60,,60,,60,,60,,60,0
23-026,01,60,0,60,30,60,5,60,,60,,60,,60,,60,0
23-027,00,60,0,60,30,60,5,60,,60,,60,,60,,60,0
23-028,00,60,0,60,25,60,15,60,,60,,60,,60,,60,0
23-029,00,60,0,60,25,60,15,60,,60,,60,,60,,60,0
23-030,,60,0,60,30,60,,60,,60,,60,,60,,60,0
23-031,00,60,0,60,30,60,,60,,60,,60,,60,,60,0
23-032A,00,60,0,60,30,60,5,60,,60,,60,,60,,60,0
23-033,,60,0,60,30,60,5,60,,60,,60,,60,,60,0
23-034A,01,60,0,60,30,60,,60,,60,,60,,60,,60,0
23-035A,01,60,0,60,30,60,,60,,60,,60,,60,,60,0
23-036A,02,60,0,60,30,60,20,60,,60,,60,,60,,60,0
23-037A,02,60,0,60,30,60,20,60,,60,,60,,60,,60,0
23-038A,01,60,0,60,30,60,15,60,,60,,60,,60,,60,0
23-039A,01,60,0,60,30,60,15,60,,60,,60,,60,,60,0
23-040A,00,60,0,60,90,60,0,60,,60,,60,,60,,60,0
23-041A,00,60,0,60,90,60,0,60,,60,,60,,60,,60,0
23-042A,01,60,0,60,30,60,5,60,,60,,60,,60,,60,0
23-043A,01,60,0,60,30,60,5,60,,60,,60,,60,,60,0
23-044A,00,60,0,60,90,60,0,60,,60,,60,,60,,60,0
23-045A,00,60,0,60,90,60,0,60,,60,,60,,60,,60,0
23-046A,00,60,0,60,30,60,5,60,,60,,60,,60,,60,0
23-047A,00,60,0,60,30,60,5,60,,60,,60,,60,,60,0
23-048A,00,60,0,60,90,60,0,60,,60,,60,,60,,60,0
23-049A,,60,0,60,90,60,0,60,,60,,60,,60,,60,0
23-050A,,60,0,60,90,60,0,60,,60,,60,,60,,60,0
23-051A,,60,0,60,90,60,0,60,,60,,60,,60,,60,0
23-052,01,60,0,60,90,60,0,60,,60,,60,,60,,60,0
23-053,01,60,0,60,90,60,0,60,,60,,60,,60,,60,0
23-054,00,60,0,60,60,60,45,60,,60,,60,,60,,60,0
23-055,00,60,0,60,60,60,45,60,,60,,60,,60,,60,0
23-056,00,60,0,60,15,60,60,60,,60,,60,,60,,60,0
23-057,00,60,0,60,15,60,60,60,,60,,60,,60,,60,0
23-059,00,60,30,60,60,60,,60,,60,,60,,60,,60,0
23-060,,60,5,60,7,60,9,60,,60,,60,,60,,60,0
23-073,,60,0,60,60,60,60,60,,60,,60,,60,,60,0
23-074,00,60,0,60,90,60,,60,,60,,60,,60,,60,0
23-075,01,60,30,60,80,60,5,60,,60,,60,,60,,60,0
23-076,00,60,30,60,80,60,5,60,,60,,60,,60,,60,0
23-077,01,60,20,60,60,60,5,60,,60,,60,,60,,60,0
23-078,01,60,20,60,60,60,5,60,,60,,60,,60,,60,0
23-079,00,60,20,60,60,60,5,60,,60,,60,,60,,60,0
23-080,00,60,20,60,60,60,5,60,,60,,60,,60,,60,0
23-081,00,60,0,60,,60,20,60,,60,,60,,60,,60,0
23-082,00,60,60,60,10,60,,60,,60,,60,,60,,60,0
23-083,,60,0,60,20,60,,60,,60,,60,,60,,60,0
23-084,,60,0,60,15,60,120,60,,60,,60,,60,,60,0
23-085,00,60,30,60,150,60,,60,,60,,60,,60,,60,0
23-086,,60,30,60,180,60,,60,,60,,60,,60,,60,0
23-087,,60,180,60,30,60,,60,,60,,60,,60,,60,0
23-088,,60,40,60,40,60,,60,,60,,60,,60,,60,0
23-089,,60,0,60,,60,,60,,60,,60,,60,,60,0
23-090,03,60,150,60,60,60,,60,,60,,60,,60,,60,0
23-091,00,60,30,60,40,60,,60,,60,,60,,60,,60,0
23-092,00,60,60,60,60,60,20,60,,60,,60,,60,,60,0
23-093,00,60,60,60,150,60,,60,,60,,60,,60,,60,0
23-094,00,60,0,60,60,60,40,60,,60,,60,,60,,60,0
23-095,01,60,60,60,30,60,,60,,60,,60,,60,,60,0
23-096,00,60,0,60,30,60,30,60,,60,,60,,60,,60,0
23-117,01,60,0,60,10,60,,60,,60,,60,,60,,60,0
23-118,01,60,0,60,15,60,,60,,60,,60,,60,,60,0
23-119,00,60,0,60,15,60,15,60,,60,,60,,60,,60,0
23-124,00,60,40,60,20,60,,60,,60,,60,,60,,60,0
23-125,,60,60,60,20,60,,60,,60,,60,,60,,60,0
23-126,,60,60,60,20,60,,60,,60,,60,,60,,60,0
23-127,,60,60,60,150,60,,60,,60,,60,,60,,60,0
23-128,00,60,60,60,150,60,,60,,60,,60,,60,,60,0
23-129,,60,60,60,20,60,,60,,60,,60,,60,,60,0
23-130,00,60,60,60,20,60,,60,,60,,60,,60,,60,0
01-328,00,60,5,60,290,60,3,60,,60,,60,,60,,60,0
01-329,00,60,5,60,290,60,3,60,,60,,60,,60,,60,0
01-342,,60,5,60,290,60,3,60,,60,,60,,60,,60,0
01-343,MPS/01-343,60,5,60,290,60,3,60,,60,,60,,60,,60,0
01-319,,60,7,60,4,60,7,60,5,60,,60,,60,,60,0
05-179,04,60,80,60,160,60,,60,,60,,60,,60,,60,0
05-088,02,60,80,60,160,60,,60,,60,,60,,60,,60,0
